INLINE NewChapterDataTable,CP,ObjTypeID,PaletteID,TileConfigID,MapID,Anims1,Anims2,MapChangesID,Fog,N/A,Chapter Title,N/A,Init. X,Init. Y,Weather,BattleBG,DifficultyBonus,PP,EP,AP,PPB,EPB,APB,PP F4,EP F4,Preps,N/A,N/A,Wall HP,N/A,N/A,N/A,N/A,N/A,N/A,N/A,N/A,N/A,N/A,N/A,N/A,N/A,N/A,N/A,N/A,Convoy,N/A,N/A,N/A,N/A,N/A,N/A,N/A,N/A,N/A,N/A,N/A,N/A,N/A,N/A,N/A,N/A,N/A,N/A,N/A,N/A,N/A,ChName,ChName,EventsID,MapEvent,N/A,N/A,N/A,N/A,N/A,N/A,N/A,N/A,N/A,N/A,ChNumber,N/A,N/A,N/A,N/A,N/A,Victory Music TF,Dark Before Initial Event,StatusObjectiveText,GoalWindowText,GoalWindowInfo,Turns to Defend,Unit to Defend,Withdrawal X,Y,N/A,N/A,N/A
Initiation,0x81c32c8,Village1OBJ,Village1PAL,VillageCONFIG,Map1ID,0x0,0x0,MapChange1ID,0x0,0x0,0x0,0x0,1,0,0x0,0x0,0x0,Song_TheFirstCampaign,Song_TheFirstCampaign,Song_TheFirstCampaign,0xffff,0xffff,0xffff,0xffff,0xffff,0xffff,0xffff,0xffff,1,0,0,0,0,0,0,0,0,0,0,0,0,0,0,0,0,0,0,0,0,0,0,0,0,0,0,0,0,0,0,0,0,0,0,0,0,0,0,Name_Ch1,Name_Ch1,Events1ID,0x1,0x0,0x0,0x0,0x0,0x0,0x0,0x0,0x0,0x0,0x0,0x2,0x0,0xff,0xff,0x0,0x0,0x0,0x1,Ch1RoutDesc,RoutLabel,1,0,0x0,255,0,0x1d,0x0,0x0
New Friends,0x81c32cc,Village1OBJ,Village1PAL,VillageCONFIG,Map2ID,0x0,0x0,MapChange2ID,0x0,0x0,0x1,0x0,1,0,0x0,0x0,0x0,Song_DiscoDescent,Song_DiscoDescent,Song_DiscoDescent,0xffff,0xffff,0xffff,0xffff,0xffff,0xffff,0xffff,0xffff,1,0,0,0,0,0,0,0,0,0,0,0,0,0,0,0,0,0,0,0,0,0,0,0,0,0,0,0,0,0,0,0,0,0,0,0,0,0,0,Name_Ch2,Name_Ch2,Events2ID,0x2,0x0,0x0,0x0,0x0,0x0,0x0,0x0,0x0,0x0,0x0,0x4,0x0,0xff,0xff,0x0,0x0,0x0,0x1,MonsterRoutDesc,RoutLabel,1,0,0x0,255,0,0x18,0x0,0x0
Caravan Duty,0x81c32d0,Village1OBJ,Village1PAL,VillageCONFIG,Map3ID,0x0,0x0,MapChange3ID,0x0,0x0,0x2,0x0,1,0,0x0,0x0,0x0,Song_InnocenceGlitched,Song_InnocenceGlitched,Song_InnocenceGlitched,0xffff,0xffff,0xffff,0xffff,0xffff,Song_EO1Guild,0xffff,0xffff,30,0,0,0,0,0,0,0,0,0,0,0,0,0,0,0,0,0,0,0,0,0,0,0,0,0,0,0,0,0,0,0,0,0,0,0,0,0,0,Name_Ch3,Name_Ch3,Events3ID,0x3,0x0,0x0,0x0,0x0,0x0,0x0,0x0,0x0,0x0,0x0,0x6,0x0,0xff,0xff,0x0,0x0,0x0,0x1,RoutLabel,RoutLabel,1,0,0x0,255,0,0x3,0x0,0x0
Unsituated Beast,0x81c32d4,0x0,0x0,0x0,0x0,0x0,0x0,0x0,0x0,0x0,0x3,0x0,8,10,0x0,0x5,0x0,0xffff,0xffff,0xffff,0xffff,0xffff,0xffff,0xffff,0xffff,Song_EO1Guild,0xffff,0xffff,1,0,0,0,0,0,0,0,0,0,0,0,0,0,0,0,0,0,0,0,0,0,0,0,0,0,0,0,0,0,0,0,0,0,0,0,0,0,0,Name_Ch4,Name_Ch4,0x0,0x4,0x0,0x0,0x0,0x0,0x0,0x0,0x0,0x0,0x0,0x0,0x8,0x0,0xff,0xff,0x0,0x0,0x0,0x1,DefeatBossLabel,DefeatBossLabel,2,0,0x0,255,0,0x28,0x0,0x0
Heroes' Welcome,0x81c32d8,0x0,0x0,0x0,0x0,0x0,0x0,0x0,0x0,0x0,0x4,0x0,23,7,0x0,0x0,0x0,Song_HeroicStruggle,Song_HeroicStruggle,Song_HeroicStruggle,0xffff,0xffff,0xffff,0xffff,0xffff,Song_EO1Guild,0xffff,0xffff,1,0,0,0,0,0,0,0,0,0,0,0,0,0,0,0,0,0,0,0,0,0,0,0,0,0,0,0,0,0,0,0,0,0,0,0,0,0,0,Name_Ch5,Name_Ch5,0x0,0x5,0x0,0x0,0x0,0x0,0x0,0x0,0x0,0x0,0x0,0x0,0xa,0x0,0xff,0xff,0x0,0x0,0x0,0x1,RoutLabel,RoutLabel,1,0,0x0,255,0,0x18,0x0,0x0
Endbringer,0x81c32dc,0x0,0x0,0x0,0x0,0x0,0x0,0x0,0x7,0x0,0x5,0x0,24,12,0x0,0xd,0x0,0xffff,0xffff,0xffff,0xffff,0xffff,0xffff,0xffff,0xffff,Song_EO1Guild,0xffff,0xffff,1,0,0,0,0,0,0,0,0,0,0,0,0,0,0,0,0,0,0,0,0,0,0,0,0,0,0,0,0,0,0,0,0,0,0,0,0,0,0,Name_Ch6,Name_Ch6,0x0,0x6,0x0,0x0,0x0,0x0,0x0,0x0,0x0,0x0,0x0,0x0,0xc,0x0,0xff,0xff,0x0,0x0,0x0,0x1,0x0,0x0,0x0,0,0x0,255,0,0xc,0x0,0x0
Unto the Brink,0x81c32e0,0x0,0x0,0x0,0x0,0x0,0x0,0x0,0x0,0x0,0x6,0x0,11,24,0x0,0xd,0x0,0xffff,0xffff,0xffff,0xffff,0xffff,0xffff,0xffff,0xffff,Song_EO1Guild,0xffff,0xffff,1,0,0,0,0,0,0,0,0,0,0,0,0,0,0,0,0,0,0,0,0,0,0,0,0,0,0,0,0,0,0,0,0,0,0,0,0,0,0,Name_Ch7,Name_Ch7,0x0,0x7,0x0,0x0,0x0,0x0,0x0,0x0,0x0,0x0,0x0,0x0,0xe,0x0,0xff,0xff,0x0,0x0,0x0,0x1,0x0,0x0,0x0,0,0x0,255,0,0x5,0x0,0x0
Welcome Home,0x81c32e4,0x0,0x0,0x0,0x0,0x0,0x0,0x0,0x0,0x0,0x7,0x0,0,20,0x0,0x0,0x0,Song_Escape,Song_Escape,Song_Escape,0xffff,0xffff,0xffff,0xffff,0xffff,0xffff,0xffff,0xffff,1,0,0,0,0,0,0,0,0,0,0,0,0,0,0,0,0,0,0,0,0,0,0,0,0,0,0,0,0,0,0,0,0,0,0,0,0,0,0,Name_Ch8,Name_Ch8,0x0,0x8,0x0,0x0,0x0,0x0,0x0,0x0,0x0,0x0,0x0,0x0,0x10,0x0,0xff,0xff,0x0,0x0,0x0,0x1,0x0,0x0,0x0,0,0x0,255,0,0x1a,0x0,0x0
Spinning the Tale Anew,0x81c32e8,0x0,0x0,0x0,0x0,0x0,0x0,0x0,0x7,0x0,0x8,0x0,10,23,0x0,0x2,0x0,0xffff,0xffff,0xffff,0xffff,0xffff,0xffff,0xffff,0xffff,0xffff,0xffff,0xffff,1,0,0,0,0,0,0,0,0,0,0,0,0,0,0,0,0,0,0,0,0,0,0,0,0,0,0,0,0,0,0,0,0,0,0,0,0,0,0,Name_Ch9,Name_Ch9,0x0,0x9,0x0,0x0,0x0,0x0,0x0,0x0,0x0,0x0,0x0,0x0,0x12,0x0,0xff,0xff,0x0,0x0,0x0,0x1,0x0,0x0,0x0,0,0x0,255,0,0x18,0x0,0x0
Inquisitors,0x81c32ec,0x0,0x0,0x0,0x0,0x0,0x0,0x0,0x0,0x0,0x9,0x0,20,5,0x0,0x8,0x0,0xffff,0xffff,0xffff,0xffff,0xffff,0xffff,0xffff,0xffff,0xffff,0xffff,0xffff,1,0,0,0,0,0,0,0,0,0,0,0,0,0,0,0,0,0,0,0,0,0,0,0,0,0,0,0,0,0,0,0,0,0,0,0,0,0,0,Name_Ch10,Name_Ch10,0x0,0xa,0x0,0x0,0x0,0x0,0x0,0x0,0x0,0x0,0x0,0x0,0x14,0x0,0xff,0xff,0x0,0x0,0x0,0x1,0x0,0x0,0x0,0,0x0,255,0,0xc,0x0,0x0
Proof of Will,0x81c32f0,0x0,0x0,0x0,0x0,0x0,0x0,0x0,0x0,0x0,0xa,0x0,15,23,0x0,0x8,0x0,0xffff,0xffff,0xffff,0xffff,0xffff,0xffff,0xffff,0xffff,0xffff,0xffff,0xffff,1,0,0,0,0,0,0,0,0,0,0,0,0,0,0,0,0,0,0,0,0,0,0,0,0,0,0,0,0,0,0,0,0,0,0,0,0,0,0,Name_Ch11,Name_Ch11,0x0,0xb,0x0,0x0,0x0,0x0,0x0,0x0,0x0,0x0,0x0,0x0,0x16,0x0,0xff,0xff,0x0,0x0,0x0,0x1,0x0,0x0,0x0,0,0x0,255,0,0x7,0x0,0x0
Infiltration,0x81c32f4,0x0,0x0,0x0,0x0,0x0,0x0,0x0,0x0,0x0,0xb,0x0,15,15,0x0,0x9,0x0,0xffff,0xffff,0xffff,0xffff,0xffff,0xffff,0xffff,0xffff,0xffff,0xffff,0xffff,1,0,0,0,0,0,0,0,0,0,0,0,0,0,0,0,0,0,0,0,0,0,0,0,0,0,0,0,0,0,0,0,0,0,0,0,0,0,0,Name_Ch12,Name_Ch12,0x0,0xc,0x0,0x0,0x0,0x0,0x0,0x0,0x0,0x0,0x0,0x0,0x18,0x0,0xff,0xff,0x0,0x0,0x0,0x1,0x0,0x0,0x0,0,0x0,255,0,0x1d,0x0,0x0
The Gambit,0x81c32f8,0x0,0x0,0x0,0x0,0x0,0x0,0x0,0x0,0x0,0xc,0x0,8,22,0x0,0xb,0x0,0xffff,0xffff,0xffff,0xffff,0xffff,0xffff,0xffff,0xffff,0xffff,0xffff,0xffff,1,0,0,0,0,0,0,0,0,0,0,0,0,0,0,0,0,0,0,0,0,0,0,0,0,0,0,0,0,0,0,0,0,0,0,0,0,0,0,Name_Ch13,Name_Ch13,0x0,0xd,0x0,0x0,0x0,0x0,0x0,0x0,0x0,0x0,0x0,0x0,0x1a,0x0,0xff,0xff,0x0,0x0,0x0,0x1,0x0,0x0,0x0,0,0x0,255,0,0x1d,0x0,0x0
The Fall,0x81c32fc,0x0,0x0,0x0,0x0,0x0,0x0,0x0,0x0,0x0,0xd,0x0,0,0,0x0,0x0,0x0,0xffff,0xffff,0xffff,0xffff,0xffff,0xffff,0xffff,0xffff,0xffff,0xffff,0xffff,1,0,0,0,0,0,0,0,0,0,0,0,0,0,0,0,0,0,0,0,0,0,0,0,0,0,0,0,0,0,0,0,0,0,0,0,0,0,0,Name_Ch14,Name_Ch14,0x0,0xe,0x0,0x0,0x0,0x0,0x0,0x0,0x0,0x0,0x0,0x0,0x1c,0x0,0xff,0xff,0x0,0x0,0x0,0x1,0x0,0x0,0x0,0,0x0,255,0,0x18,0x0,0x0
City on Fire,0x81c3300,0x0,0x0,0x0,0x0,0x0,0x0,0x0,0x0,0x0,0xe,0x0,13,28,0x0,0x10,0x0,0xffff,0xffff,0xffff,0xffff,0xffff,0xffff,0xffff,0xffff,0xffff,0xffff,0xffff,1,0,0,0,0,0,0,0,0,0,0,0,0,0,0,0,0,0,0,0,0,0,0,0,0,0,0,0,0,0,0,0,0,0,0,0,0,0,0,Name_Ch15,Name_Ch15,0x0,0xf,0x0,0x0,0x0,0x0,0x0,0x0,0x0,0x0,0x0,0x0,0x1e,0x0,0xff,0xff,0x0,0x0,0x0,0x1,0x0,0x0,0x0,0,0x0,255,0,0x2a,0x0,0x0
Ends Justify Means,0x81c3304,0x0,0x0,0x0,0x0,0x0,0x0,0x0,0x0,0x0,0xf,0x0,13,6,0x0,0x10,0x0,Song_Revolution,Song_Revolution,Song_Revolution,0xffff,0xffff,0xffff,0xffff,0xffff,0xffff,0xffff,0xffff,1,0,0,0,0,0,0,0,0,0,0,0,0,0,0,0,0,0,0,0,0,0,0,0,0,0,0,0,0,0,0,0,0,0,0,0,0,0,0,Name_Ch16,Name_Ch16,0x0,0x10,0x0,0x0,0x0,0x0,0x0,0x0,0x0,0x0,0x0,0x0,0x20,0x0,0xff,0xff,0x0,0x0,0x0,0x1,0x0,0x0,0x0,0,0x0,255,0,0x30,0x0,0x0
Salt the Earth,0x81c3308,0x0,0x0,0x0,0x0,0x0,0x0,0x0,0x0,0x0,0x10,0x0,1,0,0x0,0x10,0x0,0xffff,0xffff,0xffff,0xffff,0xffff,0xffff,0xffff,0xffff,0xffff,0xffff,0xffff,1,0,0,0,0,0,0,0,0,0,0,0,0,0,0,0,0,0,0,0,0,0,0,0,0,0,0,0,0,0,0,0,0,0,0,0,0,0,0,Name_Ch17A,Name_Ch17A,0x0,0x11,0x0,0x0,0x0,0x0,0x0,0x0,0x0,0x0,0x0,0x0,0x22,0x0,0xff,0xff,0x0,0x0,0x0,0x1,0x0,0x0,0x0,0,0x0,255,0,0xc,0x0,0x0
Chaos's Grip,0x81c330c,0x0,0x0,0x0,0x0,0x0,0x0,0x0,0x0,0x0,0x11,0x0,1,0,0x0,0x1,0x0,0xffff,0xffff,0xffff,0xffff,0xffff,0xffff,0xffff,0xffff,0xffff,0xffff,0xffff,1,0,0,0,0,0,0,0,0,0,0,0,0,0,0,0,0,0,0,0,0,0,0,0,0,0,0,0,0,0,0,0,0,0,0,0,0,0,0,Name_Ch18A,Name_Ch18A,0x0,0x12,0x0,0x0,0x0,0x0,0x0,0x0,0x0,0x0,0x0,0x0,0x24,0x0,0xff,0xff,0x0,0x0,0x0,0x1,0x0,0x0,0x0,0,0x0,255,0,0x18,0x0,0x0
The Power,0x81c3310,0x0,0x0,0x0,0x0,0x0,0x0,0x0,0x7,0x0,0x12,0x0,1,27,0x0,0x1,0x0,0xffff,0xffff,0xffff,0xffff,0xffff,0xffff,0xffff,0xffff,0xffff,0xffff,0xffff,1,0,0,0,0,0,0,0,0,0,0,0,0,0,0,0,0,0,0,0,0,0,0,0,0,0,0,0,0,0,0,0,0,0,0,0,0,0,0,Name_Ch19A,Name_Ch19A,0x0,0x13,0x0,0x0,0x0,0x0,0x0,0x0,0x0,0x0,0x0,0x0,0x26,0x0,0xff,0xff,0x0,0x0,0x0,0x1,0x0,0x0,0x0,0,0x0,255,0,0x32,0x0,0x0
No One is Alone A,0x81c3314,0x0,0x0,0x0,0x0,0x0,0x0,0x0,0x0,0x0,0x13,0x0,17,11,0x0,0x1,0x0,Song_NoOneIsAlone,Song_NoOneIsAlone,Song_NoOneIsAlone,0xffff,0xffff,0xffff,0xffff,0xffff,0xffff,0xffff,0xffff,1,0,0,0,0,0,0,0,0,0,0,0,0,0,0,0,0,0,0,0,0,0,0,0,0,0,0,0,0,0,0,0,0,0,0,0,0,0,0,Name_Ch20A,Name_Ch20A,0x0,0x14,0x0,0x0,0x0,0x0,0x0,0x0,0x0,0x0,0x0,0x0,0x28,0x0,0xff,0xff,0x0,0x0,0x0,0x1,0x0,0x0,0x0,0,0x0,255,0,0xb,0x0,0x0
Ascension,0x81c3318,0x0,0x0,0x0,0x0,0x0,0x0,0x0,0x0,0x0,0x14,0x0,12,12,0x0,0xb,0x0,0xffff,0xffff,0xffff,0xffff,0xffff,0xffff,0xffff,0xffff,0xffff,0xffff,0xffff,1,0,0,0,0,0,0,0,0,0,0,0,0,0,0,0,0,0,0,0,0,0,0,0,0,0,0,0,0,0,0,0,0,0,0,0,0,0,0,Name_Ch21A,Name_Ch21A,0x0,0x15,0x0,0x0,0x0,0x0,0x0,0x0,0x0,0x0,0x0,0x0,0x2a,0x0,0xff,0xff,0x0,0x0,0x0,0x1,0x0,0x0,0x0,0,0x0,255,0,0x31,0x0,0x0
Yesterday is Done A,0x81c331c,0x0,0x0,0x0,0x0,0x0,0x0,0x0,0x0,0x0,0x15,0x0,12,20,0x0,0x10,0x0,0xffff,0xffff,0xffff,0xffff,0xffff,0xffff,0xffff,0xffff,0xffff,0xffff,0xffff,1,0,0,0,0,0,0,0,0,0,0,0,0,0,0,0,0,0,0,0,0,0,0,0,0,0,0,0,0,0,0,0,0,0,0,0,0,0,0,Name_FinalA,Name_FinalA,0x0,0x16,0x0,0x0,0x0,0x0,0x0,0x0,0x0,0x0,0x0,0x0,0x2c,0x0,0xff,0xff,0x0,0x0,0x0,0x1,0x0,0x0,0x0,0,0x0,255,0,0x34,0x0,0x0
Blazing Trails,0x81c3320,0x0,0x0,0x0,0x0,0x0,0x0,0x0,0x0,0x0,0x16,0x0,24,18,0x0,0x14,0x0,0xffff,0xffff,0xffff,0xffff,0xffff,0xffff,0xffff,0xffff,0xffff,0xffff,0xffff,1,0,0,0,0,0,0,0,0,0,0,0,0,0,0,0,0,0,0,0,0,0,0,0,0,0,0,0,0,0,0,0,0,0,0,0,0,0,0,Name_Ch17B,Name_Ch17B,0x0,0x17,0x0,0x0,0x0,0x0,0x0,0x0,0x0,0x0,0x0,0x0,0x22,0x0,0xff,0xff,0x0,0x0,0x0,0x1,0x0,0x0,0x0,0,0x0,255,0,0x34,0x0,0x0
Crushing Order,0x81c3328,0x0,0x0,0x0,0x0,0x0,0x0,0x0,0x0,0x0,0x17,0x0,26,30,0x0,0x14,0x0,0xffff,0xffff,0xffff,0xffff,0xffff,0xffff,0xffff,0xffff,0xffff,0xffff,0xffff,1,0,0,0,0,0,0,0,0,0,0,0,0,0,0,0,0,0,0,0,0,0,0,0,0,0,0,0,0,0,0,0,0,0,0,0,0,0,0,Name_Ch18B,Name_Ch18B,0x0,0x18,0x0,0x0,0x0,0x0,0x0,0x0,0x0,0x0,0x0,0x0,0x24,0x0,0xff,0xff,0x0,0x0,0x0,0x1,0x0,0x0,0x0,0,0x0,255,0,0x26,0x0,0x0
The Weapon,0x81c332c,0x0,0x0,0x0,0x0,0x0,0x0,0x0,0x7,0x0,0x18,0x0,30,0,0x0,0x1,0x0,0xffff,0xffff,0xffff,0xffff,0xffff,0xffff,0xffff,0xffff,0xffff,0xffff,0xffff,1,0,0,0,0,0,0,0,0,0,0,0,0,0,0,0,0,0,0,0,0,0,0,0,0,0,0,0,0,0,0,0,0,0,0,0,0,0,0,Name_Ch19B,Name_Ch19B,0x0,0x19,0x0,0x0,0x0,0x0,0x0,0x0,0x0,0x0,0x0,0x0,0x26,0x0,0xff,0xff,0x0,0x0,0x0,0x1,0x0,0x0,0x0,0,0x0,255,0,0x7,0x0,0x0
No One is Alone B,0x81c3330,0x0,0x0,0x0,0x0,0x0,0x0,0x0,0x0,0x0,0x19,0x0,31,14,0x0,0x0,0x0,Song_NoOneIsAlone,Song_NoOneIsAlone,Song_NoOneIsAlone,0xffff,0xffff,0xffff,0xffff,0xffff,0xffff,0xffff,0xffff,1,0,0,0,0,0,0,0,0,0,0,0,0,0,0,0,0,0,0,0,0,0,0,0,0,0,0,0,0,0,0,0,0,0,0,0,0,0,0,Name_Ch20B,Name_Ch20B,0x0,0x1a,0x0,0x0,0x0,0x0,0x0,0x0,0x0,0x0,0x0,0x0,0x28,0x0,0xff,0xff,0x0,0x0,0x0,0x1,0x0,0x0,0x0,0,0x0,255,0,0x7,0x0,0x0
Countdown,0x81c3334,0x0,0x0,0x0,0x0,0x0,0x0,0x0,0x0,0x0,0x1a,0x0,15,14,0x0,0x0,0x0,0xffff,0xffff,0xffff,0xffff,0xffff,0xffff,0xffff,0xffff,0xffff,0xffff,0xffff,1,0,0,0,0,0,0,0,0,0,0,0,0,0,0,0,0,0,0,0,0,0,0,0,0,0,0,0,0,0,0,0,0,0,0,0,0,0,0,Name_Ch21B,Name_Ch21B,0x0,0x1b,0x0,0x0,0x0,0x0,0x0,0x0,0x0,0x0,0x0,0x0,0x2a,0x0,0xff,0xff,0x0,0x0,0x0,0x1,0x0,0x0,0x0,0,0x0,255,0,0x18,0x0,0x0
Yesterday is Done B,0x81c3338,0x0,0x0,0x0,0x0,0x0,0x0,0x0,0x0,0x0,0x1b,0x0,0,34,0x0,0x7,0x0,0xffff,0xffff,0xffff,0xffff,0xffff,0xffff,0xffff,0xffff,0xffff,0xffff,0xffff,1,0,0,0,0,0,0,0,0,0,0,0,0,0,0,0,0,0,0,0,0,0,0,0,0,0,0,0,0,0,0,0,0,0,0,0,0,0,0,Name_FinalB,Name_FinalB,0x0,0x1c,0x0,0x0,0x0,0x0,0x0,0x0,0x0,0x0,0x0,0x0,0x2c,0x0,0xff,0xff,0x0,0x0,0x0,0x1,0x0,0x0,0x0,0,0x0,255,0,0xc,0x0,0x0
Truth Unearthed,0x81c333c,0x0,0x0,0x0,0x0,0x0,0x0,0x0,0x0,0x0,0x1c,0x0,12,14,0x0,0xf,0x0,0xffff,0xffff,0xffff,0xffff,0xffff,0xffff,0xffff,0xffff,0xffff,0xffff,0xffff,1,0,0,0,0,0,0,0,0,0,0,0,0,0,0,0,0,0,0,0,0,0,0,0,0,0,0,0,0,0,0,0,0,0,0,0,0,0,0,Name_Ch17C,Name_Ch17C,0x0,0x1d,0x0,0x0,0x0,0x0,0x0,0x0,0x0,0x0,0x0,0x0,0x22,0x0,0xff,0xff,0x0,0x0,0x0,0x1,0x0,0x0,0x0,0,0x0,255,0,0x30,0x0,0x0
A Fading Dream,0x81c3340,0x0,0x0,0x0,0x0,0x0,0x0,0x0,0x0,0x0,0x1d,0x0,9,39,0x0,0xe,0x0,0xffff,0xffff,0xffff,0xffff,0xffff,0xffff,0xffff,0xffff,0xffff,0xffff,0xffff,1,0,0,0,0,0,0,0,0,0,0,0,0,0,0,0,0,0,0,0,0,0,0,0,0,0,0,0,0,0,0,0,0,0,0,0,0,0,0,Name_Ch18C,Name_Ch18C,0x0,0x1e,0x0,0x0,0x0,0x0,0x0,0x0,0x0,0x0,0x0,0x0,0x24,0x0,0xff,0xff,0x0,0x0,0x0,0x1,0x0,0x0,0x0,0,0x0,255,0,0xc,0x0,0x0
Yesterday is Done C,0x81c3344,0x0,0x0,0x0,0x0,0x0,0x0,0x0,0x0,0x0,0x1e,0x0,0,0,0x0,0x14,0x0,0xffff,0xffff,0xffff,0xffff,0xffff,0xffff,0xffff,0xffff,0xffff,0xffff,0xffff,1,0,0,0,0,0,0,0,0,0,0,0,0,0,0,0,0,0,0,0,0,0,0,0,0,0,0,0,0,0,0,0,0,0,0,0,0,0,0,Name_FinalC,Name_FinalC,0x0,0x1f,0x0,0x0,0x0,0x0,0x0,0x0,0x0,0x0,0x0,0x0,0x26,0x0,0xff,0xff,0x0,0x0,0x0,0x1,0x0,0x0,0x0,0,0x0,255,0,0x18,0x0,0x0
Lethal Forest 1,0x81c3348,Fields1OBJ,Fields1PAL,FieldsCONFIG,Stratum1F1MapID,0x0,0x0,Stratum1F1MapChangeID,0x0,0x0,0x1f,0x0,22,22,0x0,0x12,0x0,Song_EverScarletForest,Song_EverScarletForest,Song_EverScarletForest,0xffff,0xffff,0xffff,0xffff,0xffff,Song_EO1Guild,0xffff,0xffff,10,0,0,0,0,0,0,0,0,0,0,0,0,0,0,0,0,0,0,0,0,0,0,0,0,0,0,0,0,0,0,0,0,0,0,0,0,0,0,Name_St1,Floor_S1F1,Stratum1F1EventsID,0x20,0x0,0x0,0x0,0x0,0x0,0x0,0x0,0x0,0x0,0x0,0x0,0x0,0xff,0xff,0x0,0x0,0x0,0x1,0x0,0x0,0x0,0,0x0,255,0,0x32,0x0,0x0
2,0x81c334c,Fields1OBJ,Fields1PAL,FieldsCONFIG,Stratum1F2MapID,0x0,0x0,Stratum1F2MapChangeID,0x0,0x0,0x20,0x0,22,13,0x0,0x0,0x0,Song_EverScarletForest,Song_EverScarletForest,Song_EverScarletForest,0xffff,0xffff,0xffff,0xffff,0xffff,0xffff,0xffff,0xffff,10,0,0,0,0,0,0,0,0,0,0,0,0,0,0,0,0,0,0,0,0,0,0,0,0,0,0,0,0,0,0,0,0,0,0,0,0,0,0,Name_St1,Floor_S1F2,Stratum1F2EventsID,0x21,0x0,0x0,0x0,0x0,0x0,0x0,0x0,0x0,0x0,0x0,0x0,0x0,0xff,0xff,0x0,0x0,0x0,0x1,0x0,0x0,0x0,0,0x0,255,0,0xc,0x0,0x0
3,0x81c3350,Fields1OBJ,Fields1PAL,FieldsCONFIG,Stratum1F3MapID,0x0,0x0,Stratum1F3MapChangeID,0x0,0x0,0x21,0x0,12,12,0x0,0xd,0x0,Song_EverScarletForest,Song_EverScarletForest,Song_EverScarletForest,0xffff,0xffff,0xffff,0xffff,0xffff,0xffff,0xffff,0xffff,10,0,0,0,0,0,0,0,0,0,0,0,0,0,0,0,0,0,0,0,0,0,0,0,0,0,0,0,0,0,0,0,0,0,0,0,0,0,0,Name_St1,Floor_S1F3,Stratum1F3EventsID,0x22,0x0,0x0,0x0,0x0,0x0,0x0,0x0,0x0,0x0,0x0,0x0,0x0,0xff,0xff,0x0,0x0,0x0,0x1,0x0,0x0,0x0,0,0x0,255,0,0x31,0x0,0x0
Shimmering Mines 1,0x81c3354,0x0,0x0,0x0,0x0,0x0,0x0,0x0,0x0,0x0,0x22,0x0,12,20,0x0,0x0,0x0,0xffff,0xffff,0xffff,0xffff,0xffff,0xffff,0xffff,0xffff,0xffff,0xffff,0xffff,30,0,0,0,0,0,0,0,0,0,0,0,0,0,0,0,0,0,0,0,0,0,0,0,0,0,0,0,0,0,0,0,0,0,0,0,0,0,0,Name_St2,Floor_S2F1,0x0,0x23,0x0,0x0,0x0,0x0,0x0,0x0,0x0,0x0,0x0,0x0,0x0,0x0,0xff,0xff,0x0,0x0,0x0,0x1,0x0,0x0,0x0,0,0x0,255,0,0x34,0x0,0x0
2,0x81c3358,0x0,0x0,0x0,0x0,0x0,0x0,0x0,0x7,0x0,0x23,0x0,22,13,0x0,0x0,0x0,0xffff,0xffff,0xffff,0xffff,0xffff,0xffff,0xffff,0xffff,0xffff,0xffff,0xffff,30,0,0,0,0,0,0,0,0,0,0,0,0,0,0,0,0,0,0,0,0,0,0,0,0,0,0,0,0,0,0,0,0,0,0,0,0,0,0,Name_St2,Floor_S2F2,0x0,0x24,0x0,0x0,0x0,0x0,0x0,0x0,0x0,0x0,0x0,0x0,0x0,0x0,0xff,0xff,0x0,0x0,0x0,0x1,0x0,0x0,0x0,0,0x0,255,0,0x34,0x0,0x0
3,0x81c3360,0x0,0x0,0x0,0x0,0x0,0x0,0x0,0x0,0x0,0x24,0x0,1,0,0x0,0x14,0x0,0xffff,0xffff,0xffff,0xffff,0xffff,0xffff,0xffff,0xffff,0xffff,0xffff,0xffff,30,0,0,0,0,0,0,0,0,0,0,0,0,0,0,0,0,0,0,0,0,0,0,0,0,0,0,0,0,0,0,0,0,0,0,0,0,0,0,Name_St2,Floor_S2F3,0x0,0x25,0x0,0x0,0x0,0x0,0x0,0x0,0x0,0x0,0x0,0x0,0x0,0x0,0xff,0xff,0x0,0x0,0x0,0x1,0x0,0x0,0x0,0,0x0,255,0,0x9,0x0,0x0
Clouded Wastes 1,0x81c3364,0x0,0x0,0x0,0x0,0x0,0x0,0x0,0x0,0x0,0x25,0x0,1,0,0x0,0x14,0x0,0xffff,0xffff,0xffff,0xffff,0xffff,0xffff,0xffff,0xffff,0xffff,0xffff,0xffff,50,0,0,0,0,0,0,0,0,0,0,0,0,0,0,0,0,0,0,0,0,0,0,0,0,0,0,0,0,0,0,0,0,0,0,0,0,0,0,Name_St3,Floor_S3F1,0x0,0x26,0x0,0x0,0x0,0x0,0x0,0x0,0x0,0x0,0x0,0x0,0x0,0x0,0xff,0xff,0x0,0x0,0x0,0x1,0x0,0x0,0x0,0,0x0,255,0,0x9,0x0,0x0
2,0x81c3368,0x0,0x0,0x0,0x0,0x0,0x0,0x0,0x0,0x0,0x26,0x0,12,12,0x0,0xb,0x0,0xffff,0xffff,0xffff,0xffff,0xffff,0xffff,0xffff,0xffff,0xffff,0xffff,0xffff,50,0,0,0,0,0,0,0,0,0,0,0,0,0,0,0,0,0,0,0,0,0,0,0,0,0,0,0,0,0,0,0,0,0,0,0,0,0,0,Name_St3,Floor_S3F2,0x0,0x27,0x0,0x0,0x0,0x0,0x0,0x0,0x0,0x0,0x0,0x0,0x0,0x0,0xff,0xff,0x0,0x0,0x0,0x1,0x0,0x0,0x0,0,0x0,255,0,0x9,0x0,0x0
3,0x81c336c,0x0,0x0,0x0,0x0,0x0,0x0,0x0,0x0,0x0,0x27,0x0,11,15,0x0,0xb,0x0,0xffff,0xffff,0xffff,0xffff,0xffff,0xffff,0xffff,0xffff,0xffff,0xffff,0xffff,50,0,0,0,0,0,0,0,0,0,0,0,0,0,0,0,0,0,0,0,0,0,0,0,0,0,0,0,0,0,0,0,0,0,0,0,0,0,0,Name_St3,Floor_S3F3,0x0,0x28,0x0,0x0,0x0,0x0,0x0,0x0,0x0,0x0,0x0,0x0,0x0,0x0,0xff,0xff,0x0,0x0,0x0,0x1,0x0,0x0,0x0,0,0x0,255,0,0x9,0x0,0x0
4,0x81c3370,0x0,0x0,0x0,0x0,0x0,0x0,0x0,0x0,0x0,0x28,0x0,10,13,0x0,0xb,0x0,0xffff,0xffff,0xffff,0xffff,0xffff,0xffff,0xffff,0xffff,0xffff,0xffff,0xffff,50,0,0,0,0,0,0,0,0,0,0,0,0,0,0,0,0,0,0,0,0,0,0,0,0,0,0,0,0,0,0,0,0,0,0,0,0,0,0,Name_St3,Floor_S3F4,0x0,0x29,0x0,0x0,0x0,0x0,0x0,0x0,0x0,0x0,0x0,0x0,0x0,0x0,0xff,0xff,0x0,0x0,0x0,0x1,0x0,0x0,0x0,0,0x0,255,0,0x9,0x0,0x0
Ruined Quarter 1,0x81c3374,0x0,0x0,0x0,0x0,0x0,0x0,0x0,0x0,0x0,0x29,0x0,6,1,0x0,0xb,0x0,0xffff,0xffff,0xffff,0xffff,0xffff,0xffff,0xffff,0xffff,0xffff,0xffff,0xffff,50,0,0,0,0,0,0,0,0,0,0,0,0,0,0,0,0,0,0,0,0,0,0,0,0,0,0,0,0,0,0,0,0,0,0,0,0,0,0,Name_St4,Floor_S4F1,0x0,0x2a,0x0,0x0,0x0,0x0,0x0,0x0,0x0,0x0,0x0,0x0,0x0,0x0,0xff,0xff,0x0,0x0,0x0,0x1,0x0,0x0,0x0,0,0x0,255,0,0x9,0x0,0x0
2,0x81c3378,0x0,0x0,0x0,0x0,0x0,0x0,0x0,0x0,0x0,0x2a,0x0,1,0,0x0,0xb,0x0,0xffff,0xffff,0xffff,0xffff,0xffff,0xffff,0xffff,0xffff,0xffff,0xffff,0xffff,50,0,0,0,0,0,0,0,0,0,0,0,0,0,0,0,0,0,0,0,0,0,0,0,0,0,0,0,0,0,0,0,0,0,0,0,0,0,0,Name_St4,Floor_S4F2,0x0,0x2b,0x0,0x0,0x0,0x0,0x0,0x0,0x0,0x0,0x0,0x0,0x0,0x0,0xff,0xff,0x0,0x0,0x0,0x1,0x0,0x0,0x0,0,0x0,255,0,0x9,0x0,0x0
3,0x81c337c,0x0,0x0,0x0,0x0,0x0,0x0,0x0,0x0,0x0,0x2b,0x0,1,0,0x0,0xb,0x0,0xffff,0xffff,0xffff,0xffff,0xffff,0xffff,0xffff,0xffff,0xffff,0xffff,0xffff,50,0,0,0,0,0,0,0,0,0,0,0,0,0,0,0,0,0,0,0,0,0,0,0,0,0,0,0,0,0,0,0,0,0,0,0,0,0,0,Name_St4,Floor_S4F3,0x0,0x2c,0x0,0x0,0x0,0x0,0x0,0x0,0x0,0x0,0x0,0x0,0x0,0x0,0xff,0xff,0x0,0x0,0x0,0x1,0x0,0x0,0x0,0,0x0,4,1,0x9,0x0,0x0
4,0x81c3380,0x0,0x0,0x0,0x0,0x0,0x0,0x0,0x0,0x0,0x2c,0x0,1,0,0x0,0xb,0x0,0xffff,0xffff,0xffff,0xffff,0xffff,0xffff,0xffff,0xffff,0xffff,0xffff,0xffff,50,0,0,0,0,0,0,0,0,0,0,0,0,0,0,0,0,0,0,0,0,0,0,0,0,0,0,0,0,0,0,0,0,0,0,0,0,0,0,Name_St4,Floor_S4F4,0x0,0x0,0x0,0x0,0x0,0x0,0x0,0x0,0x0,0x0,0x0,0x0,0x0,0x0,0xff,0xff,0x0,0x0,0x0,0x1,0x0,0x0,0x0,0,0x0,255,0,0x0,0x0,0x0
Gods' Tableland 1,0x81c3380,0x0,0x0,0x0,0x0,0x0,0x0,0x0,0x0,0x0,0x2d,0x0,1,0,0x0,0xb,0x0,0xffff,0xffff,0xffff,0xffff,0xffff,0xffff,0xffff,0xffff,0xffff,0xffff,0xffff,50,0,0,0,0,0,0,0,0,0,0,0,0,0,0,0,0,0,0,0,0,0,0,0,0,0,0,0,0,0,0,0,0,0,0,0,0,0,0,Name_St5A,Floor_S5AF1,0x0,0x0,0x0,0x0,0x0,0x0,0x0,0x0,0x0,0x0,0x0,0x0,0x0,0x0,0xff,0xff,0x0,0x0,0x0,0x1,0x0,0x0,0x0,0,0x0,255,0,0x0,0x0,0x0
2,0x81c3384,0x0,0x0,0x0,0x0,0x0,0x0,0x0,0x0,0x0,0x2e,0x0,1,0,0x0,0xe,0x0,0xffff,0xffff,0xffff,0xffff,0xffff,0xffff,0xffff,0xffff,0xffff,0xffff,0xffff,50,0,0,0,0,0,0,0,0,0,0,0,0,0,0,0,0,0,0,0,0,0,0,0,0,0,0,0,0,0,0,0,0,0,0,0,0,0,0,Name_St5A,Floor_S5AF2,0x0,0x2d,0x0,0x0,0x0,0x0,0x0,0x0,0x0,0x0,0x0,0x0,0x0,0x0,0xff,0xff,0x0,0x0,0x0,0x1,0x0,0x0,0x0,0,0x0,255,0,0x9,0x0,0x0
3,0x81c3388,0x0,0x0,0x0,0x0,0x0,0x0,0x0,0x0,0x0,0x2f,0x0,1,0,0x0,0xe,0x0,0xffff,0xffff,0xffff,0xffff,0xffff,0xffff,0xffff,0xffff,0xffff,0xffff,0xffff,50,0,0,0,0,0,0,0,0,0,0,0,0,0,0,0,0,0,0,0,0,0,0,0,0,0,0,0,0,0,0,0,0,0,0,0,0,0,0,Name_St5A,Floor_S5AF3,0x0,0x2e,0x0,0x0,0x0,0x0,0x0,0x0,0x0,0x0,0x0,0x0,0x0,0x0,0xff,0xff,0x0,0x0,0x0,0x1,0x0,0x0,0x0,0,0x0,255,0,0x9,0x0,0x0
4,0x81c338c,0x0,0x0,0x0,0x0,0x0,0x0,0x0,0x0,0x0,0x30,0x0,1,0,0x0,0xe,0x0,0xffff,0xffff,0xffff,0xffff,0xffff,0xffff,0xffff,0xffff,0xffff,0xffff,0xffff,50,0,0,0,0,0,0,0,0,0,0,0,0,0,0,0,0,0,0,0,0,0,0,0,0,0,0,0,0,0,0,0,0,0,0,0,0,0,0,Name_St5A,Floor_S5AF4,0x0,0x2f,0x0,0x0,0x0,0x0,0x0,0x0,0x0,0x0,0x0,0x0,0x0,0x0,0xff,0xff,0x0,0x0,0x0,0x1,0x0,0x0,0x0,0,0x0,255,0,0x9,0x0,0x0
5,0x81c3390,0x0,0x0,0x0,0x0,0x0,0x0,0x0,0x0,0x0,0x31,0x0,1,0,0x0,0xe,0x0,0xffff,0xffff,0xffff,0xffff,0xffff,0xffff,0xffff,0xffff,0xffff,0xffff,0xffff,50,0,0,0,0,0,0,0,0,0,0,0,0,0,0,0,0,0,0,0,0,0,0,0,0,0,0,0,0,0,0,0,0,0,0,0,0,0,0,Name_St5A,Floor_S5AF5,0x0,0x30,0x0,0x0,0x0,0x0,0x0,0x0,0x0,0x0,0x0,0x0,0x0,0x0,0xff,0xff,0x0,0x0,0x0,0x1,0x0,0x0,0x0,0,0x0,255,0,0x9,0x0,0x0
Hallowed Armory 1,0x81c3394,0x0,0x0,0x0,0x0,0x0,0x0,0x0,0x0,0x0,0x32,0x0,1,0,0x0,0xe,0x0,0xffff,0xffff,0xffff,0xffff,0xffff,0xffff,0xffff,0xffff,0xffff,0xffff,0xffff,99,0,0,0,0,0,0,0,0,0,0,0,0,0,0,0,0,0,0,0,0,0,0,0,0,0,0,0,0,0,0,0,0,0,0,0,0,0,0,Name_St5B,Floor_S5BF1,0x0,0x31,0x0,0x0,0x0,0x0,0x0,0x0,0x0,0x0,0x0,0x0,0x0,0x0,0xff,0xff,0x0,0x0,0x0,0x1,0x0,0x0,0x0,0,0x0,255,0,0x9,0x0,0x0
2,0x81c3398,0x0,0x0,0x0,0x0,0x0,0x0,0x0,0x0,0x0,0x33,0x0,10,16,0x0,0xf,0x0,0xffff,0xffff,0xffff,0xffff,0xffff,0xffff,0xffff,0xffff,0xffff,0xffff,0xffff,99,0,0,0,0,0,0,0,0,0,0,0,0,0,0,0,0,0,0,0,0,0,0,0,0,0,0,0,0,0,0,0,0,0,0,0,0,0,0,Name_St5B,Floor_S5BF2,0x0,0x32,0x0,0x0,0x0,0x0,0x0,0x0,0x0,0x0,0x0,0x0,0x0,0x0,0xff,0xff,0x0,0x0,0x0,0x1,0x0,0x0,0x0,0,0x0,255,0,0x9,0x0,0x0
3,0x81c339c,0x0,0x0,0x0,0x0,0x0,0x0,0x0,0x0,0x0,0x34,0x0,0,13,0x0,0x0,0x0,0xffff,0xffff,0xffff,0xffff,0xffff,0xffff,0xffff,0xffff,0xffff,0xffff,0xffff,99,0,0,0,0,0,0,0,0,0,0,0,0,0,0,0,0,0,0,0,0,0,0,0,0,0,0,0,0,0,0,0,0,0,0,0,0,0,0,Name_St5B,Floor_S5BF3,0x0,0x33,0x0,0x0,0x0,0x0,0x0,0x0,0x0,0x0,0x0,0x0,0x0,0x0,0xff,0xff,0x0,0x0,0x0,0x1,0x0,0x0,0x0,0,0x0,255,0,0x9,0x0,0x0
4,0x81c33a0,0x0,0x0,0x0,0x0,0x0,0x0,0x0,0x0,0x0,0x35,0x0,12,10,0x0,0x14,0x0,0xffff,0xffff,0xffff,0xffff,0xffff,0xffff,0xffff,0xffff,0xffff,0xffff,0xffff,99,0,0,0,0,0,0,0,0,0,0,0,0,0,0,0,0,0,0,0,0,0,0,0,0,0,0,0,0,0,0,0,0,0,0,0,0,0,0,Name_St5B,Floor_S5BF4,0x0,0x34,0x0,0x0,0x0,0x0,0x0,0x0,0x0,0x0,0x0,0x0,0x0,0x0,0xff,0xff,0x0,0x0,0x0,0x1,0x0,0x0,0x0,0,0x0,255,0,0x9,0x0,0x0
5,0x81c33a4,0x0,0x0,0x0,0x0,0x0,0x0,0x0,0x7,0x0,0x36,0x0,23,2,0x0,0x2,0x0,0xffff,0xffff,0xffff,0xffff,0xffff,0xffff,0xffff,0xffff,0xffff,0xffff,0xffff,99,0,0,0,0,0,0,0,0,0,0,0,0,0,0,0,0,0,0,0,0,0,0,0,0,0,0,0,0,0,0,0,0,0,0,0,0,0,0,Name_St5B,Floor_S5BF5,0x0,0x35,0x0,0x0,0x0,0x0,0x0,0x0,0x0,0x0,0x0,0x0,0x0,0x0,0xff,0xff,0x0,0x0,0x0,0x1,0x0,0x0,0x0,0,0x0,255,0,0x9,0x0,0x0
Imperial Palace 1,0x81c33a8,0x0,0x0,0x0,0x0,0x0,0x0,0x0,0x0,0x0,0x37,0x0,20,16,0x0,0x8,0x0,0xffff,0xffff,0xffff,0xffff,0xffff,0xffff,0xffff,0xffff,0xffff,0xffff,0xffff,50,0,0,0,0,0,0,0,0,0,0,0,0,0,0,0,0,0,0,0,0,0,0,0,0,0,0,0,0,0,0,0,0,0,0,0,0,0,0,Name_St5C,Floor_S5CF1,0x0,0x36,0x0,0x0,0x0,0x0,0x0,0x0,0x0,0x0,0x0,0x0,0x0,0x0,0xff,0xff,0x0,0x0,0x0,0x1,0x0,0x0,0x0,0,0x0,255,0,0x9,0x0,0x0
2,0x81c33ac,0x0,0x0,0x0,0x0,0x0,0x0,0x0,0x0,0x0,0x38,0x0,1,0,0x0,0xf,0x0,0xffff,0xffff,0xffff,0xffff,0xffff,0xffff,0xffff,0xffff,0xffff,0xffff,0xffff,50,0,0,0,0,0,0,0,0,0,0,0,0,0,0,0,0,0,0,0,0,0,0,0,0,0,0,0,0,0,0,0,0,0,0,0,0,0,0,Name_St5C,Floor_S5CF2,0x0,0x37,0x0,0x0,0x0,0x0,0x0,0x0,0x0,0x0,0x0,0x0,0x0,0x0,0xff,0xff,0x0,0x0,0x0,0x1,0x0,0x0,0x0,0,0x0,255,0,0x9,0x0,0x0
3,0x81c33b0,0x0,0x0,0x0,0x0,0x0,0x0,0x0,0x0,0x0,0x39,0x0,1,0,0x0,0x0,0x0,0xffff,0xffff,0xffff,0xffff,0xffff,0xffff,0xffff,0xffff,0xffff,0xffff,0xffff,50,0,0,0,0,0,0,0,0,0,0,0,0,0,0,0,0,0,0,0,0,0,0,0,0,0,0,0,0,0,0,0,0,0,0,0,0,0,0,Name_St5C,Floor_S5CF3,0x0,0x38,0x0,0x0,0x0,0x0,0x0,0x0,0x0,0x0,0x0,0x0,0x0,0x0,0xff,0xff,0x0,0x0,0x0,0x1,0x0,0x0,0x0,0,0x0,255,0,0x1d,0x0,0x0
4,0x81c3380,0x0,0x0,0x0,0x0,0x0,0x0,0x0,0x0,0x0,0x3a,0x0,1,0,0x0,0xd,0x0,0xffff,0xffff,0xffff,0xffff,0xffff,0xffff,0xffff,0xffff,0xffff,0xffff,0xffff,50,0,0,0,0,0,0,0,0,0,0,0,0,0,0,0,0,0,0,0,0,0,0,0,0,0,0,0,0,0,0,0,0,0,0,0,0,0,0,Name_St5C,Floor_S5CF4,0x0,0x0,0x0,0x0,0x0,0x0,0x0,0x0,0x0,0x0,0x0,0x0,0x0,0x0,0xff,0xff,0x0,0x0,0x0,0x1,0x0,0x0,0x0,0,0x0,255,0,0x0,0x0,0x0
Drowning Hollows 1,0x81c33b4,0x0,0x0,0x0,0x0,0x0,0x0,0x0,0x0,0x0,0x3b,0x0,1,0,0x0,0x10,0x0,0xffff,0xffff,0xffff,0xffff,0xffff,0xffff,0xffff,0xffff,0xffff,0xffff,0xffff,99,0,0,0,0,0,0,0,0,0,0,0,0,0,0,0,0,0,0,0,0,0,0,0,0,0,0,0,0,0,0,0,0,0,0,0,0,0,0,Name_St6C,Floor_S6F1,0x0,0x0,0x0,0x0,0x0,0x0,0x0,0x0,0x0,0x0,0x0,0x0,0x0,0x0,0xff,0xff,0x0,0x0,0x0,0x1,0x0,0x0,0x0,0,0x0,255,0,0x9,0x0,0x0
2,0x81c33b8,0x0,0x0,0x0,0x0,0x0,0x0,0x0,0x3,0x0,0x3c,0x0,17,7,0x0,0x10,0x0,0xffff,0xffff,0xffff,0xffff,0xffff,0xffff,0xffff,0xffff,0xffff,0xffff,0xffff,99,0,0,0,0,0,0,0,0,0,0,0,0,0,0,0,0,0,0,0,0,0,0,0,0,0,0,0,0,0,0,0,0,0,0,0,0,0,0,Name_St6C,Floor_S6F2,0x0,0x0,0x0,0x0,0x0,0x0,0x0,0x0,0x0,0x0,0x0,0x0,0x0,0x0,0xff,0xff,0x0,0x0,0x0,0x1,0x0,0x0,0x0,0,0x0,255,0,0x9,0x0,0x0
3,0x81c33bc,0x0,0x0,0x0,0x0,0x0,0x0,0x0,0x0,0x0,0x3d,0x0,14,13,0x0,0xf,0x0,0xffff,0xffff,0xffff,0xffff,0xffff,0xffff,0xffff,0xffff,0xffff,0xffff,0xffff,99,0,0,0,0,0,0,0,0,0,0,0,0,0,0,0,0,0,0,0,0,0,0,0,0,0,0,0,0,0,0,0,0,0,0,0,0,0,0,Name_St6C,Floor_S6F3,0x0,0x39,0x0,0x0,0x0,0x0,0x0,0x0,0x0,0x0,0x0,0x0,0x0,0x0,0xff,0xff,0x0,0x0,0x0,0x1,0x0,0x0,0x0,0,0x0,255,0,0x1a,0x0,0x0
4,0x81c33c4,0x0,0x0,0x0,0x0,0x0,0x0,0x0,0x1,0x0,0x3e,0x0,17,24,0x0,0xb,0x0,0xffff,0xffff,0xffff,0xffff,0xffff,0xffff,0xffff,0xffff,0xffff,0xffff,0xffff,99,0,0,0,0,0,0,0,0,0,0,0,0,0,0,0,0,0,0,0,0,0,0,0,0,0,0,0,0,0,0,0,0,0,0,0,0,0,0,Name_St6C,Floor_S6F4,0x0,0x3a,0x0,0x0,0x0,0x0,0x0,0x0,0x0,0x0,0x0,0x0,0x0,0x0,0xff,0xff,0x0,0x0,0x0,0x1,0x0,0x0,0x0,0,0x0,255,0,0x8,0x0,0x0
5,0x81c3380,0x0,0x0,0x0,0x0,0x0,0x0,0x0,0x0,0x0,0x3f,0x0,1,0,0x0,0x0,0x0,0xffff,0xffff,0xffff,0xffff,0xffff,0xffff,0xffff,0xffff,0xffff,0xffff,0xffff,99,0,0,0,0,0,0,0,0,0,0,0,0,0,0,0,0,0,0,0,0,0,0,0,0,0,0,0,0,0,0,0,0,0,0,0,0,0,0,Name_St6C,Floor_S6F5,0x0,0x0,0x0,0x0,0x0,0x0,0x0,0x0,0x0,0x0,0x0,0x0,0x0,0x0,0xff,0xff,0x0,0x0,0x0,0x0,0x0,0x0,0x0,0,0x0,255,0,0x0,0x0,0x0
6,0x81c3380,0x0,0x0,0x0,0x0,0x0,0x0,0x0,0x0,0x0,0x40,0x0,1,0,0x0,0x0,0x0,0xffff,0xffff,0xffff,0xffff,0xffff,0xffff,0xffff,0xffff,0xffff,0xffff,0xffff,99,0,0,0,0,0,0,0,0,0,0,0,0,0,0,0,0,0,0,0,0,0,0,0,0,0,0,0,0,0,0,0,0,0,0,0,0,0,0,Name_St6C,Floor_S6F6,0x0,0x0,0x0,0x0,0x0,0x0,0x0,0x0,0x0,0x0,0x0,0x0,0x0,0x0,0xff,0xff,0x0,0x0,0x0,0x0,0x0,0x0,0x0,0,0x0,255,0,0x0,0x0,0x0
7,0x81c3380,0x0,0x0,0x0,0x0,0x0,0x0,0x0,0x0,0x0,0x41,0x0,1,0,0x0,0x0,0x0,0xffff,0xffff,0xffff,0xffff,0xffff,0xffff,0xffff,0xffff,0xffff,0xffff,0xffff,99,0,0,0,0,0,0,0,0,0,0,0,0,0,0,0,0,0,0,0,0,0,0,0,0,0,0,0,0,0,0,0,0,0,0,0,0,0,0,Name_St6C,Floor_S6F7,0x0,0x0,0x0,0x0,0x0,0x0,0x0,0x0,0x0,0x0,0x0,0x0,0x0,0x0,0xff,0xff,0x0,0x0,0x0,0x0,0x0,0x0,0x0,0,0x0,255,0,0x0,0x0,0x0
8,0x81c3380,0x0,0x0,0x0,0x0,0x0,0x0,0x0,0x0,0x0,0x42,0x0,1,0,0x0,0x0,0x0,0xffff,0xffff,0xffff,0xffff,0xffff,0xffff,0xffff,0xffff,0xffff,0xffff,0xffff,99,0,0,0,0,0,0,0,0,0,0,0,0,0,0,0,0,0,0,0,0,0,0,0,0,0,0,0,0,0,0,0,0,0,0,0,0,0,0,Name_St6C,Floor_S6F8,0x0,0x0,0x0,0x0,0x0,0x0,0x0,0x0,0x0,0x0,0x0,0x0,0x0,0x0,0xff,0xff,0x0,0x0,0x0,0x0,0x0,0x0,0x0,0,0x0,255,0,0x0,0x0,0x0
City Square,0x81c3380,City1OBJ,City1PAL,CityCONFIG,HirschringSquareMapID,0x0,0x0,HirschringSquareMapChangeID,0x0,0x0,0x43,0x0,1,0,0x0,0x0,0x0,Song_VastLands,Song_VastLands,Song_VastLands,0xffff,0xffff,0xffff,0xffff,0xffff,Song_EO1Guild,0xffff,0xffff,30,0,0,0,0,0,0,0,0,0,0,0,0,0,0,0,0,0,0,0,0,0,0,0,0,0,0,0,0,0,0,0,0,0,0,0,0,0,0,Name_Hirschring,Name_Hirschring,HirschringSquareEventsID,0x0,0x0,0x0,0x0,0x0,0x0,0x0,0x0,0x0,0x0,0x0,0x0,0x0,0xff,0xff,0x0,0x0,0x0,0x1,PrepareLabel,PrepareLabel,0x0,0,0x0,255,0,0x0,0x0,0x0
Guildhall,0x81c3380,Village1OBJ,Village1PAL,GuildhallCONFIG,GuildhallMapID,0x0,0x0,GuildhallMapChangeID,0x0,0x0,0x44,0x0,1,0,0x0,0x0,0x0,Song_VastLands,Song_VastLands,Song_VastLands,0xffff,0xffff,0xffff,0xffff,0xffff,0xffff,0xffff,0xffff,30,0,0,0,0,0,0,0,0,0,0,0,0,0,0,0,0,0,0,0,0,0,0,0,0,0,0,0,0,0,0,0,0,0,0,0,0,0,0,Name_Guildhall,Name_Guildhall,HirschringSquareEventsID,0x0,0x0,0x0,0x0,0x0,0x0,0x0,0x0,0x0,0x0,0x0,0x0,0x0,0xff,0xff,0x0,0x0,0x0,0x1,PrepareLabel,PrepareLabel,0x0,0,0x0,255,0,0x0,0x0,0x0
Blacksmith,0x81c3380,Tavern1OBJ,Tavern1PAL,TavernCONFIG,BlacksmithMapID,0x0,0x0,BlacksmithMapChangeID,0x0,0x0,0x45,0x0,1,0,0x0,0x0,0x0,Song_DrawHeroes,Song_DrawHeroes,Song_DrawHeroes,0xffff,0xffff,0xffff,0xffff,0xffff,0xffff,0xffff,0xffff,30,0,0,0,0,0,0,0,0,0,0,0,0,0,0,0,0,0,0,0,0,0,0,0,0,0,0,0,0,0,0,0,0,0,0,0,0,0,0,Name_Blacksmith,Name_Blacksmith,HirschringSquareEventsID,0x0,0x0,0x0,0x0,0x0,0x0,0x0,0x0,0x0,0x0,0x0,0x0,0x0,0xff,0xff,0x0,0x0,0x0,0x1,PrepareLabel,PrepareLabel,0x0,0,0x0,255,0,0x0,0x0,0x0
Tavern,0x81c3380,Tavern1OBJ,Tavern1PAL,TavernCONFIG,TavernMapID,0x0,0x0,TavernMapChangeID,0x0,0x0,0x46,0x0,1,0,0x0,0x0,0x0,Song_DrawHeroes,Song_DrawHeroes,Song_DrawHeroes,0xffff,0xffff,0xffff,0xffff,0xffff,0xffff,0xffff,0xffff,30,0,0,0,0,0,0,0,0,0,0,0,0,0,0,0,0,0,0,0,0,0,0,0,0,0,0,0,0,0,0,0,0,0,0,0,0,0,0,Name_Tavern,Name_Tavern,HirschringSquareEventsID,0x0,0x0,0x0,0x0,0x0,0x0,0x0,0x0,0x0,0x0,0x0,0x0,0x0,0xff,0xff,0x0,0x0,0x0,0x1,PrepareLabel,PrepareLabel,0x0,0,0x0,255,0,0x0,0x0,0x0
more city,0x81c3380,0x0,0x0,0x0,0x0,0x0,0x0,0x0,0x0,0x0,0x47,0x0,1,0,0x0,0x0,0x0,0xffff,0xffff,0xffff,0xffff,0xffff,0xffff,0xffff,0xffff,0xffff,0xffff,0xffff,1,0,0,0,0,0,0,0,0,0,0,0,0,0,0,0,0,0,0,0,0,0,0,0,0,0,0,0,0,0,0,0,0,0,0,0,0,0,0,0x0,0x0,0x0,0x0,0x0,0x0,0x0,0x0,0x0,0x0,0x0,0x0,0x0,0x0,0x0,0x0,0xff,0xff,0x0,0x0,0x0,0x1,0x0,0x0,0x0,0,0x0,255,0,0x0,0x0,0x0
more city,0x81c3380,0x0,0x0,0x0,0x0,0x0,0x0,0x0,0x0,0x0,0x48,0x0,1,0,0x0,0x0,0x0,0xffff,0xffff,0xffff,0xffff,0xffff,0xffff,0xffff,0xffff,0xffff,0xffff,0xffff,1,0,0,0,0,0,0,0,0,0,0,0,0,0,0,0,0,0,0,0,0,0,0,0,0,0,0,0,0,0,0,0,0,0,0,0,0,0,0,0x0,0x0,0x0,0x0,0x0,0x0,0x0,0x0,0x0,0x0,0x0,0x0,0x0,0x0,0x0,0x0,0xff,0xff,0x0,0x0,0x0,0x1,0x0,0x0,0x0,0,0x0,255,0,0x0,0x0,0x0
more city,0x81c3380,0x0,0x0,0x0,0x0,0x0,0x0,0x0,0x0,0x0,0x49,0x0,1,0,0x0,0x0,0x0,0xffff,0xffff,0xffff,0xffff,0xffff,0xffff,0xffff,0xffff,0xffff,0xffff,0xffff,1,0,0,0,0,0,0,0,0,0,0,0,0,0,0,0,0,0,0,0,0,0,0,0,0,0,0,0,0,0,0,0,0,0,0,0,0,0,0,0x0,0x0,0x0,0x0,0x0,0x0,0x0,0x0,0x0,0x0,0x0,0x0,0x0,0x0,0x0,0x0,0xff,0xff,0x0,0x0,0x0,0x1,0x0,0x0,0x0,0,0x0,255,0,0x0,0x0,0x0
more city,0x81c3380,0x0,0x0,0x0,0x0,0x0,0x0,0x0,0x0,0x0,0x4a,0x0,1,0,0x0,0x0,0x0,0xffff,0xffff,0xffff,0xffff,0xffff,0xffff,0xffff,0xffff,0xffff,0xffff,0xffff,1,0,0,0,0,0,0,0,0,0,0,0,0,0,0,0,0,0,0,0,0,0,0,0,0,0,0,0,0,0,0,0,0,0,0,0,0,0,0,0x0,0x0,0x0,0x0,0x0,0x0,0x0,0x0,0x0,0x0,0x0,0x0,0x0,0x0,0x0,0x0,0xff,0xff,0x0,0x0,0x0,0x1,0x0,0x0,0x0,0,0x0,255,0,0x0,0x0,0x0
more city,0x81c3380,0x0,0x0,0x0,0x0,0x0,0x0,0x0,0x0,0x0,0x4b,0x0,1,0,0x0,0x0,0x0,0xffff,0xffff,0xffff,0xffff,0xffff,0xffff,0xffff,0xffff,0xffff,0xffff,0xffff,1,0,0,0,0,0,0,0,0,0,0,0,0,0,0,0,0,0,0,0,0,0,0,0,0,0,0,0,0,0,0,0,0,0,0,0,0,0,0,0x0,0x0,0x0,0x0,0x0,0x0,0x0,0x0,0x0,0x0,0x0,0x0,0x0,0x0,0x0,0x0,0xff,0xff,0x0,0x0,0x0,0x1,0x0,0x0,0x0,0,0x0,255,0,0x0,0x0,0x0
more city,0x81c3380,0x0,0x0,0x0,0x0,0x0,0x0,0x0,0x0,0x0,0x4c,0x0,1,0,0x0,0x0,0x0,0xffff,0xffff,0xffff,0xffff,0xffff,0xffff,0xffff,0xffff,0xffff,0xffff,0xffff,1,0,0,0,0,0,0,0,0,0,0,0,0,0,0,0,0,0,0,0,0,0,0,0,0,0,0,0,0,0,0,0,0,0,0,0,0,0,0,0x0,0x0,0x0,0x0,0x0,0x0,0x0,0x0,0x0,0x0,0x0,0x0,0x0,0x0,0x0,0x0,0xff,0xff,0x0,0x0,0x0,0x1,0x0,0x0,0x0,0,0x0,255,0,0x0,0x0,0x0
more city,0x81c3380,0x0,0x0,0x0,0x0,0x0,0x0,0x0,0x0,0x0,0x4d,0x0,1,0,0x0,0x0,0x0,0xffff,0xffff,0xffff,0xffff,0xffff,0xffff,0xffff,0xffff,0xffff,0xffff,0xffff,1,0,0,0,0,0,0,0,0,0,0,0,0,0,0,0,0,0,0,0,0,0,0,0,0,0,0,0,0,0,0,0,0,0,0,0,0,0,0,0x0,0x0,0x0,0x0,0x0,0x0,0x0,0x0,0x0,0x0,0x0,0x0,0x0,0x0,0x0,0x0,0xff,0xff,0x0,0x0,0x0,0x1,0x0,0x0,0x0,0,0x0,255,0,0x0,0x0,0x0
more city,0x81c3380,0x0,0x0,0x0,0x0,0x0,0x0,0x0,0x0,0x0,0x4e,0x0,1,0,0x0,0x0,0x0,0xffff,0xffff,0xffff,0xffff,0xffff,0xffff,0xffff,0xffff,0xffff,0xffff,0xffff,1,0,0,0,0,0,0,0,0,0,0,0,0,0,0,0,0,0,0,0,0,0,0,0,0,0,0,0,0,0,0,0,0,0,0,0,0,0,0,0x0,0x0,0x0,0x0,0x0,0x0,0x0,0x0,0x0,0x0,0x0,0x0,0x0,0x0,0x0,0x0,0xff,0xff,0x0,0x0,0x0,0x1,0x0,0x0,0x0,0,0x0,255,0,0x0,0x0,0x0
